onnx/TinyYOLO.onnx,vnnlib/TinyYOLO_prop_000238_eps_1_255.vnnlib,300
onnx/TinyYOLO.onnx,vnnlib/TinyYOLO_prop_000183_eps_1_255.vnnlib,300
onnx/TinyYOLO.onnx,vnnlib/TinyYOLO_prop_000175_eps_1_255.vnnlib,300
onnx/TinyYOLO.onnx,vnnlib/TinyYOLO_prop_000425_eps_1_255.vnnlib,300
onnx/TinyYOLO.onnx,vnnlib/TinyYOLO_prop_000450_eps_1_255.vnnlib,300
onnx/TinyYOLO.onnx,vnnlib/TinyYOLO_prop_000398_eps_1_255.vnnlib,300
onnx/TinyYOLO.onnx,vnnlib/TinyYOLO_prop_000177_eps_1_255.vnnlib,300
onnx/TinyYOLO.onnx,vnnlib/TinyYOLO_prop_000276_eps_1_255.vnnlib,300
onnx/TinyYOLO.onnx,vnnlib/TinyYOLO_prop_000305_eps_1_255.vnnlib,300
onnx/TinyYOLO.onnx,vnnlib/TinyYOLO_prop_000302_eps_1_255.vnnlib,300
onnx/TinyYOLO.onnx,vnnlib/TinyYOLO_prop_000309_eps_1_255.vnnlib,300
onnx/TinyYOLO.onnx,vnnlib/TinyYOLO_prop_000077_eps_1_255.vnnlib,300
onnx/TinyYOLO.onnx,vnnlib/TinyYOLO_prop_000192_eps_1_255.vnnlib,300
onnx/TinyYOLO.onnx,vnnlib/TinyYOLO_prop_000022_eps_1_255.vnnlib,300
onnx/TinyYOLO.onnx,vnnlib/TinyYOLO_prop_000370_eps_1_255.vnnlib,300
onnx/TinyYOLO.onnx,vnnlib/TinyYOLO_prop_000072_eps_1_255.vnnlib,300
onnx/TinyYOLO.onnx,vnnlib/TinyYOLO_prop_000284_eps_1_255.vnnlib,300
onnx/TinyYOLO.onnx,vnnlib/TinyYOLO_prop_000387_eps_1_255.vnnlib,300
onnx/TinyYOLO.onnx,vnnlib/TinyYOLO_prop_000245_eps_1_255.vnnlib,300
onnx/TinyYOLO.onnx,vnnlib/TinyYOLO_prop_000008_eps_1_255.vnnlib,300
onnx/TinyYOLO.onnx,vnnlib/TinyYOLO_prop_000403_eps_1_255.vnnlib,300
onnx/TinyYOLO.onnx,vnnlib/TinyYOLO_prop_000041_eps_1_255.vnnlib,300
onnx/TinyYOLO.onnx,vnnlib/TinyYOLO_prop_000442_eps_1_255.vnnlib,300
onnx/TinyYOLO.onnx,vnnlib/TinyYOLO_prop_000422_eps_1_255.vnnlib,300
onnx/TinyYOLO.onnx,vnnlib/TinyYOLO_prop_000283_eps_1_255.vnnlib,300
onnx/TinyYOLO.onnx,vnnlib/TinyYOLO_prop_000435_eps_1_255.vnnlib,300
onnx/TinyYOLO.onnx,vnnlib/TinyYOLO_prop_000132_eps_1_255.vnnlib,300
onnx/TinyYOLO.onnx,vnnlib/TinyYOLO_prop_000200_eps_1_255.vnnlib,300
onnx/TinyYOLO.onnx,vnnlib/TinyYOLO_prop_000415_eps_1_255.vnnlib,300
onnx/TinyYOLO.onnx,vnnlib/TinyYOLO_prop_000006_eps_1_255.vnnlib,300
onnx/TinyYOLO.onnx,vnnlib/TinyYOLO_prop_000433_eps_1_255.vnnlib,300
onnx/TinyYOLO.onnx,vnnlib/TinyYOLO_prop_000128_eps_1_255.vnnlib,300
onnx/TinyYOLO.onnx,vnnlib/TinyYOLO_prop_000058_eps_1_255.vnnlib,300
onnx/TinyYOLO.onnx,vnnlib/TinyYOLO_prop_000127_eps_1_255.vnnlib,300
onnx/TinyYOLO.onnx,vnnlib/TinyYOLO_prop_000294_eps_1_255.vnnlib,300
onnx/TinyYOLO.onnx,vnnlib/TinyYOLO_prop_000259_eps_1_255.vnnlib,300
onnx/TinyYOLO.onnx,vnnlib/TinyYOLO_prop_000282_eps_1_255.vnnlib,300
onnx/TinyYOLO.onnx,vnnlib/TinyYOLO_prop_000337_eps_1_255.vnnlib,300
onnx/TinyYOLO.onnx,vnnlib/TinyYOLO_prop_000047_eps_1_255.vnnlib,300
onnx/TinyYOLO.onnx,vnnlib/TinyYOLO_prop_000024_eps_1_255.vnnlib,300
onnx/TinyYOLO.onnx,vnnlib/TinyYOLO_prop_000158_eps_1_255.vnnlib,300
onnx/TinyYOLO.onnx,vnnlib/TinyYOLO_prop_000169_eps_1_255.vnnlib,300
onnx/TinyYOLO.onnx,vnnlib/TinyYOLO_prop_000190_eps_1_255.vnnlib,300
onnx/TinyYOLO.onnx,vnnlib/TinyYOLO_prop_000108_eps_1_255.vnnlib,300
onnx/TinyYOLO.onnx,vnnlib/TinyYOLO_prop_000303_eps_1_255.vnnlib,300
onnx/TinyYOLO.onnx,vnnlib/TinyYOLO_prop_000148_eps_1_255.vnnlib,300
onnx/TinyYOLO.onnx,vnnlib/TinyYOLO_prop_000012_eps_1_255.vnnlib,300
onnx/TinyYOLO.onnx,vnnlib/TinyYOLO_prop_000223_eps_1_255.vnnlib,300
onnx/TinyYOLO.onnx,vnnlib/TinyYOLO_prop_000280_eps_1_255.vnnlib,300
onnx/TinyYOLO.onnx,vnnlib/TinyYOLO_prop_000178_eps_1_255.vnnlib,300
